[
  {
    "name": "fastladder",
    "key": 0,
    "enabled": false,
    "hidden": false,
    "Mode": "NORMAL"
  },
  {
    "name": "reach",
    "key": 0,
    "enabled": false,
    "hidden": false,
    "Range": "3.1"
  },
  {
    "name": "autotool",
    "key": 0,
    "enabled": false,
    "hidden": false,
    "MouseCheck": "true"
  },
  {
    "name": "vanishdetector",
    "key": 0,
    "enabled": true,
    "hidden": false
  },
  {
    "name": "autoapple",
    "key": 0,
    "enabled": true,
    "hidden": false,
    "Eat heads": "true",
    "Eat apples": "true",
    "Health": "15",
    "Delay": "750"
  },
  {
    "name": "fullbright",
    "key": 0,
    "enabled": false,
    "hidden": false
  },
  {
    "name": "scoreboard",
    "key": 0,
    "enabled": false,
    "hidden": false,
    "Y-Pos": "150"
  },
  {
    "name": "noscoreboard",
    "key": 0,
    "enabled": false,
    "hidden": false
  },
  {
    "name": "streamermode",
    "key": 0,
    "enabled": false,
    "hidden": false,
    "Hide Names": "true",
    "Hide Scoreboard ID": "true"
  },
  {
    "name": "phase",
    "key": 0,
    "enabled": false,
    "hidden": false,
    "Mode": "NCP",
    "Distance": "2.0",
    "Vanilla Speed": "0.5",
    "Vertical Speed": "0.5"
  },
  {
    "name": "fastbow",
    "key": 0,
    "enabled": false,
    "hidden": false,
    "Mode": "NORMAL",
    "Request Mode": "NORMAL"
  },
  {
    "name": "autodisable",
    "key": 0,
    "enabled": true,
    "hidden": false,
    "Disable Killaura": "true",
    "Disable InvManager": "false",
    "Disable Scaffold": "true"
  },
  {
    "name": "tracers",
    "key": 0,
    "enabled": false,
    "hidden": true,
    "Players": "true",
    "Animals": "true",
    "Mobs": "false",
    "Invisibles": "false",
    "Passives": "true",
    "Width": "1.0"
  },
  {
    "name": "animation",
    "key": 0,
    "enabled": false,
    "hidden": false,
    "Mode": "Custom",
    "Item Pullup": "false",
    "Hit Slowdown": "false",
    "Slowdown Strength": "1",
    "X": "-0.9",
    "Y": "-0.8",
    "Scale": "-1.8",
    "Spin Speed": "4"
  },
  {
    "name": "bedbreaker",
    "key": 49,
    "enabled": false,
    "hidden": false,
    "Range": "6.0"
  },
  {
    "name": "jesus",
    "key": 0,
    "enabled": false,
    "hidden": false,
    "Mode": "VANILLA"
  },
  {
    "name": "norotate",
    "key": 0,
    "enabled": false,
    "hidden": false
  },
  {
    "name": "glint",
    "key": 0,
    "enabled": false,
    "hidden": false,
    "Glint Color": "-6553348",
    "Armor": "false"
  },
  {
    "name": "killaura",
    "key": 19,
    "enabled": false,
    "hidden": false,
    "Mode": "OLDAAC",
    "Sort Mode": "FOV",
    "CPS": "19-20",
    "Range": "4.7",
    "Block Range": "4.2",
    "Particles Multiplier": "5",
    "Max Targets": "1",
    "Players": "true",
    "Animals": "false",
    "Monsters": "false",
    "Invisibles": "true",
    "AutoBlock": "true",
    "Animate": "false",
    "Dynamic": "true",
    "Faster Switching": "false",
    "Teams": "false",
    "Switch Speed": "150",
    "Durability": "false",
    "Multi Targets": "3",
    "Multi FOV": "75",
    "Target ESP": "true",
    "Range Circle": "true",
    "Target ESP Modes": "BOXY",
    "Target ESP Color": "-7595821"
  },
  {
    "name": "shooter",
    "key": 0,
    "enabled": false,
    "hidden": false,
    "Delay": "150",
    "FOV": "100",
    "Target ESP": "true",
    "Teams": "false"
  },
  {
    "name": "autopot",
    "key": 0,
    "enabled": false,
    "hidden": false,
    "Potions": "true",
    "Jump": "true",
    "Regen Pots": "true",
    "Speed Pots": "false",
    "Health": "10",
    "Delay": "10"
  },
  {
    "name": "speedmine",
    "key": 0,
    "enabled": false,
    "hidden": false,
    "Speed": "0.2"
  },
  {
    "name": "breadcrumbs",
    "key": 0,
    "enabled": false,
    "hidden": false,
    "Seconds until Disappear": "10"
  },
  {
    "name": "flight",
    "key": 0,
    "enabled": false,
    "hidden": false,
    "Mode": "WATCHDOG",
    "Verus Mode": "DEV",
    "Watchdog Mode": "NORMAL",
    "ViewBob": "true",
    "Boost": "false",
    "Extra Boost": "false",
    "Safe Damage": "false",
    "Blink": "true",
    "Blink Indicator": "false",
    "Blink Length": "45",
    "Drop Fly": "false",
    "Watchdog Speed": "2.0",
    "Timer Speed": "2.5",
    "Timer Length": "500",
    "Fly Speed": "2.0",
    "Max Speed": "8.0",
    "Mineplex Timer": "1.0",
    "Mineplex Accel": "0.25"
  },
  {
    "name": "regen",
    "key": 0,
    "enabled": false,
    "hidden": false,
    "Mode": "Normal",
    "Speed": "25.0"
  },
  {
    "name": "blur",
    "key": 0,
    "enabled": false,
    "hidden": false,
    "Radius": "20",
    "Toaster Blur": "false",
    "Blur Chat": "false",
    "Blur Scoreboard": "false",
    "Blur TabGUI": "false"
  },
  {
    "name": "secret",
    "key": 0,
    "enabled": false,
    "hidden": true
  },
  {
    "name": "noslowdown",
    "key": 0,
    "enabled": false,
    "hidden": false,
    "Modes": "VANILLA",
    "Items": "true",
    "Sprint": "true",
    "SoulSand": "true"
  },
  {
    "name": "pingspoof",
    "key": 0,
    "enabled": false,
    "hidden": false,
    "Mode": "NORMAL",
    "Delay": "250"
  },
  {
    "name": "automatchjoin",
    "key": 0,
    "enabled": false,
    "hidden": false,
    "Type": "INSANE",
    "Auto Detect": "true",
    "Teams only mode": "true",
    "Delay": "3000"
  },
  {
    "name": "irc",
    "key": 0,
    "enabled": false,
    "hidden": false,
    "Mode": "TABLIST"
  },
  {
    "name": "chestesp",
    "key": 0,
    "enabled": true,
    "hidden": false,
    "Redstone": "-379392",
    "Normal": "-16734465",
    "Ender": "-5373697",
    "Mode": "BOX"
  },
  {
    "name": "fastuse",
    "key": 0,
    "enabled": false,
    "hidden": false,
    "Speed": "10.0"
  },
  {
    "name": "cheststealer",
    "key": 0,
    "enabled": false,
    "hidden": false,
    "Delay": "133",
    "Miss": "true",
    "ChestAura": "false",
    "AuraRange": "4.0",
    "Custom Inventorys": "false",
    "Silent": "false",
    "Render Gui": "false"
  },
  {
    "name": "lightningtracker",
    "key": 0,
    "enabled": false,
    "hidden": false
  },
  {
    "name": "crosshair",
    "key": 0,
    "enabled": false,
    "hidden": true,
    "Dynamic": "true",
    "Width": "1.0",
    "Gap": "3.0",
    "Length": "7.0",
    "DynamicGap": "1.5",
    "Color": "-65536",
    "Rainbow": "false",
    "Static Rainbow": "false"
  },
  {
    "name": "radar",
    "key": 0,
    "enabled": false,
    "hidden": true,
    "X": "120",
    "Y": "20",
    "Width": "100",
    "Mode": "Normal"
  },
  {
    "name": "scaffold",
    "key": 46,
    "enabled": false,
    "hidden": false,
    "Mode": "INTAVE",
    "KillAura": "true",
    "Switch": "true",
    "Watchdog": "true",
    "Tower": "true",
    "Tower Boost": "1.0",
    "KeepY": "true",
    "Downwards": "true"
  },
  {
    "name": "blinklag",
    "key": 0,
    "enabled": false,
    "hidden": false,
    "Delay": "5",
    "Watchdog": "true"
  },
  {
    "name": "autoclicker",
    "key": 0,
    "enabled": false,
    "hidden": false,
    "CPS": "8-9"
  },
  {
    "name": "targetstrafe",
    "key": 0,
    "enabled": true,
    "hidden": false,
    "Distance": "3.0",
    "Angle": "35.0",
    "Players": "true",
    "Animals": "false",
    "Monsters": "false",
    "Invisibles": "false",
    "Press Space only": "false",
    "Render Circle": "true"
  },
  {
    "name": "esp",
    "key": 0,
    "enabled": true,
    "hidden": false,
    "Mode": "XAVUSDOPUS",
    "Players": "true",
    "Animals": "true",
    "Mobs": "false",
    "Invisibles": "false",
    "Passives": "true",
    "Box": "true",
    "Health": "true",
    "Armor": "true",
    "Filled": "true",
    "Corner": "false",
    "Color Sync": "false",
    "Show Item": "false",
    "Thickness": "1.5",
    "Box Transparency": "155",
    "Shader": "true",
    "Blur": "false",
    "Color": "-12085610"
  },
  {
    "name": "dmgparticle",
    "key": 0,
    "enabled": true,
    "hidden": false
  },
  {
    "name": "invmanager",
    "key": 0,
    "enabled": false,
    "hidden": false,
    "Inventory Mode": "NORMAL",
    "Delay": "150",
    "Delay Randomization": "50",
    "Block Limit": "256",
    "Clean Inventory": "true",
    "Auto Armor": "true",
    "Auto Sword": "true",
    "Keep Tools": "false",
    "Hotbar Tools": "true",
    "Tools slot": "1"
  },
  {
    "name": "sprint",
    "key": 0,
    "enabled": true,
    "hidden": false
  },
  {
    "name": "murdermystery",
    "key": 0,
    "enabled": false,
    "hidden": false
  },
  {
    "name": "autosword",
    "key": 0,
    "enabled": true,
    "hidden": false,
    "Delay": "100",
    "Slot": "0",
    "Inventory Only": "false",
    "Custom Items": "true"
  },
  {
    "name": "aimassist",
    "key": 0,
    "enabled": false,
    "hidden": false,
    "Range": "4.0",
    "Players": "true",
    "Animals": "false",
    "Monsters": "false",
    "Invisibles": "false"
  },
  {
    "name": "timechanger",
    "key": 0,
    "enabled": false,
    "hidden": false,
    "Time": "18400"
  },
  {
    "name": "skeletonesp",
    "key": 0,
    "enabled": false,
    "hidden": true,
    "VisibleOnly": "false",
    "Width": "1.0"
  },
  {
    "name": "mcf",
    "key": 0,
    "enabled": false,
    "hidden": false
  },
  {
    "name": "penisesp",
    "key": 0,
    "enabled": false,
    "hidden": false,
    "SelfLength": "0.8",
    "FriendLength": "0.8",
    "EnemyLength": "0.4",
    "Uncircumcised": "true"
  },
  {
    "name": "bloom",
    "key": 0,
    "enabled": false,
    "hidden": false
  },
  {
    "name": "tpaura",
    "key": 0,
    "enabled": false,
    "hidden": false,
    "CPS": "7-11",
    "Range": "50.0",
    "Mode": "TEST"
  },
  {
    "name": "sneak",
    "key": 0,
    "enabled": false,
    "hidden": false,
    "Mode": "VANILLA"
  },
  {
    "name": "antibot",
    "key": 0,
    "enabled": false,
    "hidden": false,
    "Mode": "MINEPLEX",
    "Remove Bots": "false"
  },
  {
    "name": "motiongraph",
    "key": 0,
    "enabled": false,
    "hidden": false,
    "Dissapear Time": "10"
  },
  {
    "name": "criticals",
    "key": 0,
    "enabled": true,
    "hidden": false,
    "Mode": "AREA51"
  },
  {
    "name": "itemsize",
    "key": 0,
    "enabled": false,
    "hidden": false,
    "X": "0.0",
    "Y": "0.0",
    "Scale": "0.5"
  },
  {
    "name": "disabler",
    "key": 0,
    "enabled": true,
    "hidden": false,
    "Mode": "VERUS_SEMI"
  },
  {
    "name": "backtracing",
    "key": 0,
    "enabled": false,
    "hidden": false,
    "Size": "25"
  },
  {
    "name": "noweb",
    "key": 0,
    "enabled": false,
    "hidden": false,
    "Mode": "INTAVE"
  },
  {
    "name": "chatbypass",
    "key": 0,
    "enabled": false,
    "hidden": false
  },
  {
    "name": "outlineesp",
    "key": 0,
    "enabled": false,
    "hidden": false,
    "Players": "true",
    "Animals": "true",
    "Mobs": "false",
    "Invisibles": "false",
    "Passives": "true",
    "Shader": "false",
    "Team Color": "false",
    "Outline Color": "-1"
  },
  {
    "name": "clickgui",
    "key": 54,
    "enabled": false,
    "hidden": true,
    "Mode": "MATERIAL",
    "No Scrolling": "false",
    "Color": "-6747381",
    "Transparency": "255",
    "Blur Radius": "20"
  },
  {
    "name": "packets counter",
    "key": 0,
    "enabled": false,
    "hidden": true
  },
  {
    "name": "netgraph",
    "key": 0,
    "enabled": false,
    "hidden": false
  },
  {
    "name": "nobobbing",
    "key": 0,
    "enabled": false,
    "hidden": false
  },
  {
    "name": "glow",
    "key": 0,
    "enabled": false,
    "hidden": false,
    "Shader Mode": "FADING",
    "Shader Radius": "5.5",
    "Shader Fading": "180.0",
    "Glow Alpha": "0.0",
    "Blur Strength": "4",
    "Override Texture": "false",
    "Blur Twice": "false",
    "Gamma Correction": "false",
    "Glow Color": "-9109467"
  },
  {
    "name": "detector",
    "key": 0,
    "enabled": true,
    "hidden": false,
    "Autodisable": "true",
    "Unblock": "true",
    "Chat": "true",
    "Strict": "true",
    "CheatingWarning": "true",
    "AutoNoU": "true"
  },
  {
    "name": "nofall",
    "key": 0,
    "enabled": false,
    "hidden": false,
    "Mode": "WATCHDOG"
  },
  {
    "name": "trajectories",
    "key": 0,
    "enabled": true,
    "hidden": false
  },
  {
    "name": "invcleaner",
    "key": 0,
    "enabled": false,
    "hidden": false,
    "Delay": "150",
    "Opening Delay": "700",
    "Toggle": "true",
    "Inventory Only": "false",
    "Keep Tools": "true",
    "Keep Bows": "true",
    "Keep Arrows": "true",
    "Keep Flint n Steels": "false",
    "Keep TNT": "false",
    "Keep Buckets": "false",
    "Keep Boats": "false",
    "Keep Shears": "false",
    "Custom Items": "true"
  },
  {
    "name": "antivoid",
    "key": 0,
    "enabled": false,
    "hidden": false,
    "Distance until Fall": "3.0",
    "HighJump": "false"
  },
  {
    "name": "teleport",
    "key": 0,
    "enabled": false,
    "hidden": false
  },
  {
    "name": "nohurtcam",
    "key": 0,
    "enabled": false,
    "hidden": false
  },
  {
    "name": "blink",
    "key": 0,
    "enabled": false,
    "hidden": false
  },
  {
    "name": "fov",
    "key": 0,
    "enabled": false,
    "hidden": false,
    "Normal FOV": "0.1",
    "Sprint FOV": "0.13"
  },
  {
    "name": "waypoints",
    "key": 0,
    "enabled": false,
    "hidden": false,
    "Font": "true",
    "WaypointFont": "Arial-0-16-true-true"
  },
  {
    "name": "speed",
    "key": 0,
    "enabled": false,
    "hidden": false,
    "Mode": "WATCHDOG",
    "Damage boost": "1.0",
    "Verus Mode": "HOP",
    "Strafe Bypass": "false",
    "Vanilla Speed": "1.2",
    "Bhop Speed": "1.2",
    "Jump Y-Value": "0.42",
    "Ground Friction": "0.66",
    "Ground Boost": "2.14"
  },
  {
    "name": "longjump",
    "key": 0,
    "enabled": false,
    "hidden": false,
    "Mode": "WATCHDOG",
    "Boost": "3.0",
    "Watchdog Boost": "0.6",
    "Damage": "false",
    "Cubecraft Boost": "0.1",
    "Speed Addition": "1.0"
  },
  {
    "name": "autoarmor",
    "key": 0,
    "enabled": false,
    "hidden": false,
    "Drop": "true",
    "Delay": "250",
    "Opening Delay": "250",
    "Delay between actions": "true",
    "Inventory Only": "false"
  },
  {
    "name": "itemphysics",
    "key": 0,
    "enabled": false,
    "hidden": false,
    "Speed": "0.5"
  },
  {
    "name": "timer",
    "key": 0,
    "enabled": false,
    "hidden": false,
    "Tick delay": "true",
    "Delay": "1.0",
    "Timer Speed": "1.0"
  },
  {
    "name": "offscreenesp",
    "key": 0,
    "enabled": false,
    "hidden": false,
    "Size": "10.0",
    "Radius": "45",
    "Fade": "false",
    "Players": "true",
    "Animals": "true",
    "Mobs": "false",
    "Invisibles": "false",
    "Passives": "true",
    "Distance Mode": "false",
    "Color": "-1"
  },
  {
    "name": "unstuck",
    "key": 0,
    "enabled": false,
    "hidden": false,
    "Delay": "500",
    "Automated": "true"
  },
  {
    "name": "copsncrims",
    "key": 0,
    "enabled": false,
    "hidden": false,
    "Delay": "300",
    "Target ESP": "true",
    "Range": "70.0"
  },
  {
    "name": "freecam",
    "key": 0,
    "enabled": false,
    "hidden": false
  },
  {
    "name": "chams",
    "key": 0,
    "enabled": false,
    "hidden": false,
    "Players": "true",
    "Animals": "true",
    "Mobs": "false",
    "Invisibles": "false",
    "Passives": "true",
    "Shader": "false",
    "Shader Alpha": "0.5",
    "Team Color": "false",
    "Mixing Percentage": "0.5",
    "Shader Color": "-65536",
    "Chams Modes": "BRIGHT",
    "Visible": "-65536",
    "Hidden": "-65281",
    "Blur": "false"
  },
  {
    "name": "autogg",
    "key": 0,
    "enabled": false,
    "hidden": false
  },
  {
    "name": "invwalk",
    "key": 0,
    "enabled": false,
    "hidden": false
  },
  {
    "name": "spammer",
    "key": 0,
    "enabled": false,
    "hidden": false,
    "Delay": "1.0"
  },
  {
    "name": "nametags",
    "key": 0,
    "enabled": false,
    "hidden": false,
    "Players": "true",
    "Animals": "true",
    "Mobs": "false",
    "Invisibles": "false",
    "Passives": "true",
    "Font": "true",
    "Background": "true",
    "Distance": "false",
    "Health": "true",
    "Health Rect": "true",
    "Outlined Text": "false",
    "Color Sync": "true",
    "Dandelion": "false"
  },
  {
    "name": "velocity",
    "key": 0,
    "enabled": false,
    "hidden": false,
    "Mode": "NORMAL",
    "Intave Modes": "QSG",
    "Horizontal": "0",
    "Vertical": "0",
    "Delay": "1250",
    "Delayed ping": "false",
    "Stack Size": "5"
  },
  {
    "name": "hud",
    "key": 0,
    "enabled": true,
    "hidden": false,
    "Client Name": "Moon 3.0",
    "HUD": "CUSTOM",
    "Color": "-1",
    "Watermark": "MOON",
    "ArrayList": "JELLO",
    "Novo Sidebar": "false",
    "Novo Background": "false",
    "Astolfo Sidebar": "false",
    "Astolfo Background": "false",
    "Remix Sidebar": "false",
    "Remix Background": "false",
    "Moon Sidebar": "false",
    "Moon Background": "false",
    "Minecraft Font": "false",
    "Background Alpha": "60",
    "Sidebar": "RIGHT",
    "Release Build": "MOON",
    "PotionHUD": "MOON",
    "TargetHUD": "MOON",
    "Tab GUI": "MOON",
    "TabGUI Font": "true",
    "Information": "MOON",
    "Keystrokes": "NONE",
    "Better Chat": "false",
    "Better Scoreboard": "false"
  },
  {
    "name": "bowaimbot",
    "key": 0,
    "enabled": false,
    "hidden": false,
    "Players": "true",
    "Animals": "false",
    "Mobs": "false",
    "Invisibles": "false",
    "SortMode": "FOV",
    "Range": "70.0"
  },
  {
    "name": "step",
    "key": 0,
    "enabled": false,
    "hidden": false,
    "Mode": "VANILLA",
    "Smooth": "false",
    "Height": "1.0",
    "Delay": "300"
  }
]